code,kr-name
UAA000,국토종합용도지역미분류
UAA100,국토종합용도지역특정지역
UAA999,국토종합용도지역기타
UAZ000,국토이용기타용도지역지구미지정
UAZ100,국토이용기타용도지역지구
UAZ999,국토이용기타용도지역지구기타
UB1000,동계올림픽특별구역미분류
UB1100,동계올림픽특별구역
UB1999,동계올림픽특별구역기타
UBA000,수도권정비권역미지정
UBA100,과밀억제권역
UBA200,성장관리권역
UBA300,자연보전권역
UBA999,수도권정비권역기타
UBB000,지역균형개발및중소기업육성미분류
UBB100,광역개발권역
UBB200,개발촉진지구
UBB300,중소기업특별지원지역
UBB400,복합단지
UBB500,특정지역
UBB600,지역종합개발지구
UBB999,지역균형개발및중소기업육성기타
UBC000,제주도개발용도지역미지정
UBC100,절대보전지역
UBC200,상대보전지역
UBC300,중산간보전지역
UBC310,지하수자원보전지구
UBC311,지하수자원보전지구1등급
UBC312,지하수자원보전지구2등급
UBC313,지하수자원보전지구3등급
UBC314,지하수자원보전지구4등급
UBC320,생태계보전지구
UBC321,생태계보전지구1등급
UBC322,생태계보전지구2등급
UBC323,생태계보전지구3등급
UBC324,생태계보전지구4-1등급
UBC325,생태계보전지구4-2등급
UBC326,생태계보전지구5등급
UBC330,경관보전지구
UBC331,경관보전지구1등급
UBC332,경관보전지구2등급
UBC333,경관보전지구3등급
UBC334,경관보전지구4등급
UBC335,경관보전지구5등급
UBC400,관리보전지역
UBC999,제주도개발기타
UBD000,탄광지역진흥사업추진대상지역미분류
UBD100,탄광지역진흥사업추진대상지역
UBD999,탄광지역진흥사업추진대상지역기타
UBE000,폐광지역진흥지구미분류
UBE100,폐광지역진흥지구
UBE999,폐광지역진흥지구기타
UBF000,기업도시개발기업도시미분류
UBF100,산업교역형기업도시
UBF200,지식기반형기업도시
UBF300,관광레져형기업도시
UBF400,혁신거점형기업도시
UBF999,기업도시개발기업도시기타
UBG000,기업도시개발용도구역미분류
UBG100,기업도시개발구역
UBG999,기업도시개발용도구역기타
UBH000,제주국제자유도시용도구역미분류
UBH100,지하수자원특별관리구역
UBH200,제주첨단과학기술단지
UBH300,제주투자진흥지구
UBH999,제주국제자유도시용도구역기타
UBI000,경제자유구역용도지구미분류
UBI100,경제자유구역
UBI999,경제자유구역용도지구기타
UBJ000,지역특화발전특구미분류
UBJ100,지역특화발전특구
UBJ999,지역특화발전특구기타
UBK000,대덕연구개발특구용도구역미분류
UBK001,연구개발특구미분류
UBK100,주거구역
UBK110,전용주거구역
UBK120,일반주거구역
UBK130,준주거구역
UBK200,상업구역
UBK300,녹지구역
UBK400,교육·연구 및 사업화시설구역
UBK500,산업시설구역
UBK501,산업육성구역
UBK502,산업지원구역
UBK600,연구개발특구
UBK900,연구개발특구기타
UBK999,대덕연구개발특구용도지구기타
UBL000,지하수자원보전지구미분류
UBL100,지하수자원보전지구
UBL110,지하수자원보전1등급
UBL120,지하수자원보전2등급
UBL130,지하수자원보전3등급
UBL140,지하수자원보전4등급
UBL999,지하수자원보전지구기타
UBM000,생태계보전지구미분류
UBM100,생태계보전지구
UBM110,생태계보전지구1등급
UBM120,생태계보전지구2등급
UBM130,생태계보전지구3등급
UBM140,생태계보전지구4-1등급
UBM150,생태계보전지구4-2등급
UBM160,생태계보전지구5등급
UBM999,생태계보전지구기타
UBN000,경관보전지구미분류
UBN100,경관보전지구
UBN110,경관보전지구1등급
UBN120,경관보전지구2등급
UBN130,경관보전지구3등급
UBN140,경관보전지구4등급
UBN150,경관보전지구5등급
UBN999,경관보전지구기타
UBO000,예정지역미분류
UBO100,예정지역
UBO200,주변지역
UBO300,개발행위허가 및 건축허가제한지역
UBO999,예정지역기타
UBP000,시장정비구역미분류
UBP100,시장정비구역
UBP999,시장정비구역기타
UBQ000,혁신도시개발예정미분류
UBQ100,혁신도시개발예정지구
UBQ999,혁신도시개발예정지구기타
UBR000,국제화계획지구미분류
UBR100,국제화계획지구
UBR999,국제화계획지구기타
UBS000,반환공여구역주변지역미분류
UBS100,반환공여구역주변지역
UBS999,반환공여구역주변지역기타
UBT000,항만재개발사업구역미분류
UBT100,항만재개발사업구역
UBT999,항만재개발사업구역기타
UBU000,대회관련시설 설치·이용지역미분류
UBU100,대회관련시설 설치·이용지역
UBU999,대회관련시설 설치·이용지역기타
UBV000,동·서·남해안권개발구역미분류
UBV100,동·서·남해안권개발구역
UBV999,동·서·남해안권개발구역기타
UBW000,박람회장 조성사업구역미분류
UBW100,박람회장 조성사업구역
UBW999,박람회장 조성사업구역기타
UBX 200,도시재생활성화계획이 수립된 도시재생활성화지역
UBX 300,도시재생혁신지구
UBX 400,국가시범지구
UBX000,신발전지역발전촉진지구미분류
UBX100,신발전지역발전촉진지구
UBX999,신발전지역발전촉진지구기타
UBY000,지역개발사업구역 미분류
UBY100,지역개발사업구역
UBY999,지역개발사업구역 기타
UBZ000,지역기타용도지역지구미분류
UBZ100,지역기타용도지역지구용도지역지구
UBZ999,지역기타용도지역지구기타
UDA000,재정비촉진지구미분류
UDA100,재정비촉진지구
UDA999,재정비촉진지구기타
UDB000,도청이전신도시 개발예정지구미분류
UDB100,도청이전신도시 개발예정지구
UDB999,도청이전신도시 개발예정지구기타
UDC000,역세권개발구역미분류
UDC100,역세권개발구역
UDC999,역세권개발구역기타
UDD100,특별관리지역
UDE100,공공지원민간임대주택 공급촉진지구
UDJ000,정비예정구역미분류
UDJ100,정비예정구역
UDJ999,정비예정구역기타
UDK100,소규모재개발사업 시행예정구역
UDK200,소규모주택정비 관리지역
UDL 100,공공주택지구
UDL 200,도심 공공주택 복합지구
UDL000,보금자리주택지구미분류
UDL100,보금자리주택지구
UDL999,보금자리주택지구기타
UDN000,재해위험구역미분류
UDN200,재해관리구역
UDN210,제1종재해관리구역
UDN220,제2종재해관리구역
UDN230,제3종재해관리구역
UDN999,재해위험구역기타
UDP000,택지개발예정지구미분류
UDP100,택지개발예정지구
UDP999,택지개발예정지구기타
UDQ000,토지구획정리사업지구미분류
UDQ100,토지구획정리사업지구
UDQ999,토지구획정리사업지구기타
UDR000,재개발구역미분류
UDR100,재개발구역
UDR999,재개발구역기타
UDS000,주거환경개선지구미분류
UDS100,주거환경개선지구
UDS999,주거환경개선지구기타
UDT000,정비구역미분류
UDT100,정비구역
UDT999,정비구역기타
UDU000,토지형질변경규제지역미분류
UDU100,토지형질변경규제지역
UDU999,토지형질변경규제지역기타
UDV000,개발제한미분류
UDV100,개발제한구역
UDV999,개발제한구역기타
UDW000,도시개발구역미분류
UDW100,도시개발구역
UDW999,도시개발구역기타
UDX000,건축용도지역미분류
UDX100,건축허가·착공제한지역
UDX200,가로구역별 최고높이 제한지역
UDX999,건축용도지역기타
UDY000,국민임대주택용도지역미분류
UDY100,국민임대주택단지예정지구
UDY999,국민임대주택용도지역기타
UDZ000,도시기타용도지역지구미분류
UDZ100,도시기타용도지역지구용도지역지구
UDZ999,도시기타용도지역지구기타
UEA000,농업진흥지역미분류
UEA100,농업진흥지역
UEA110,농업진흥구역
UEA120,농업보호구역
UEA999,농업진흥지역기타
UEB000,농어촌주거환경개선지구미분류
UEB100,농어촌주거환경개선지구
UEB999,농어촌주거환경개선지구기타
UEC000,농어촌정비미분류
UEC100,생활환경정비구역
UEC300,한계농지정비지구
UEC400,농업생산기반 정비사업지역
UEC500,마을정비구역
UEC600,농어촌 관광휴양단지
UEC700,공장 등 설립 제한 지역
UEC999,농어촌정비기타
UED000,가축보호지역미분류
UED100,가축보호지역
UED999,가축보호지역기타
UEE000,새만금사업지역미분류
UEE100,새만금사업지역
UEE999,새만금사업지역기타
UEF000,농업생산기반시설 및 주변지역 활용구역미분류
UEF100,농업생산기반시설 및 주변지역 활용구역
UEF999,농업생산기반시설 및 주변지역 활용구역기타
UEG000,영농여건불리농지미분류
UEG100,영농여건불리농지
UEG999,영농여건불리농지기타
UEZ000,농업기타용도지역지구미분류
UEZ100,농업기타용도지역지구용도지역지구
UEZ999,농업기타용도지역지구기타
UFD000,조수보호구미분류
UFD100,조수보호구
UFD200,수렵장
UFD300,금렵구
UFD999,조수보호구기타
UFE000,사방지미분류
UFE100,사방지
UFE999,사방지기타
UFF000,초지미분류
UFF100,초지
UFF200,사료작물재배지
UFF300,미개간지
UFF999,초지기타
UFG000,낙농지구미분류
UFG100,낙농지구
UFG999,낙농지구기타
UFH000,임업진흥촉진권역미분류
UFH100,임업진흥촉진권역
UFH999,임업진흥촉진권역기타
UFI000,수목원용도지역미분류
UFI100,국립수목원완충지역
UFI200,수목원조성예정지
UFI999,수목원용도지역기타
UFJ000,소유구분에따른산림미분류
UFJ100,국유림
UFJ200,공유림
UFJ300,사유림
UFJ999,소유구분에의한산림기타
UFK000,이용형태에따른산림미분류
UFK100,자연휴양림구역
UFK999,이용형태에따른산림기타
UFL000,산림기타용도지역지구미분류
UFL100,특수개발지역
UFL999,산림기타용도지역지구기타
UFM000,보전준보전산지미분류
UFM100,보전산지
UFM110,임업용산지
UFM120,공익용산지
UFM200,준보전산지
UFM999,보전준보전산지기타
UFN000,산지관리기타용도지역미분류
UFN100,산지전용제한지역
UFN200,채석허가제한지역
UFN400,채석단지
UFN500,토석채취제한지역
UFN999,산지관리기타용도지역기타
UFO000,백두대간보호용도지역미분류
UFO100,백두대간보호지역
UFO110,핵심구역
UFO120,완충구역
UFO999,백두대간보호용도지역기타
UFP000,임업및산촌진흥용도권역미분류
UFP100,임업진흥권역
UFP200,산촌진흥권역
UFP999,임업및산촌진흥용도권역기타
UFQ000,산림자원미분류
UFQ100,산림정화보호구역
UFQ200,특수산림사업지구
UFQ300,채종림구역
UFQ600,시험림구역
UFQ999,산림자원기타
UFR000,산림보호구역미분류
UFR100,산림보호구역
UFR110,생활환경보호구역
UFR120,수원함양보호구역
UFR130,경관보호구역
UFR140,재해방지보호구역(토석+비사+어촌)
UFR150,산림유전자원보호구역
UFR999,산림보호구역기타
UFZ000,산림기타용도지역지구미분류
UFZ100,산림기타용도지역지구용도지역지구
UFZ999,산림기타용도지역지구기타
UGA000,어항구역미분류
UGA100,어항구역(육역)
UGA200,어항구역(수역)
UGA999,어항구역기타
UGB000,수면미분류
UGB100,보호수면
UGB200,육성수면
UGB300,보호구역
UGB999,수면기타
UGC000,연안관리용도지역미분류
UGC100,연안육역
UGC200,핵심관리구역
UGC300,완충관리구역
UGC999,연안관리용도지역기타
UGD000,무인도서미분류
UGD100,절대보전무인도서
UGD200,준보전무인도서
UGD300,이용가능무인도서
UGD999,무인도서기타
UGZ000,수산기타용도지역지구미분류
UGZ100,수산기타용도지역지구용도지역지구
UGZ999,수산기타용도지역지구기타
UHA000,산업단지미분류
UHA100,국가산업단지
UHA200,지방산업단지
UHA210,일반산업단지
UHA220,도시첨단산업단지
UHA300,농공단지
UHA400,특수지역
UHA500,준산업단지
UHA600,공장입지유도지구
UHA700,재생사업지구
UHA999,산업단지기타
UHC000,공장입지미분류
UHC100,공장입지금지지역
UHC200,공장설립유도지역
UHC999,공장입지기타
UHD000,자유무역지역설치용도지구미분류
UHD100,자유무역지역
UHD110,생산지구
UHD120,자유지구
UHD130,기타지구
UHD999,자유무역지역설치용도지구기타
UHE000,유통단지미분류
UHE100,유통단지
UHE999,유통단지기타
UHF000,협동화단지미분류
UHF100,협동화단지
UHF999,협동화단지기타
UHG000,벤처기업육성용도지역미분류
UHG200,벤처기업육성촉진지구
UHG999,벤처기업육성용도지역기타
UHH000,산업집적활성화및공장설립용도지역미분류
UHH100,과밀억제지역
UHH200,성장관리지역
UHH300,자연보전지역
UHH400,유치지역
UHH999,산업집적활성화및공장설립용도지역기타
UHI000,자유무역지역지정및운영자유무역지역지정및운영용도지구미분류
UHI100,자유무역지구
UHI110,생산시설지구
UHI120,물류시설지구
UHI130,지원시설지구
UHI140,자유무역예정지구
UHI999,자유무역지역지정및운영용도지구기타
UHJ000,산업시설미분류
UHJ100,산업시설구역
UHJ200,지원시설구역
UHJ300,공공시설구역
UHJ400,녹지구역
UHJ999,기타
UHK000,물류단지미분류
UHK100,물류단지
UHK999,물류단지기타
UHL000,산업기술단지미분류
UHL100,산업기술단지
UHL999,산업기술단지기타
UHZ000,공업기타용도지역지구미분류
UHZ100,공업기타용도지역지구용도지역지구
UHZ999,공업기타용도지역지구기타
UIA000,도로용도구역미분류
UIA100,도로구역
UIA200,접도구역
UIA300,입체적도로구역
UIA400,도로보전입체구역
UIA500,자동차전용도로구역
UIA999,도로용도구역기타
UIB000,고속국도법상의미분류
UIB100,고속국도법상의접도구역
UIB999,고속국도법상의기타
UIC000,철도선로인접지역미분류
UIC100,철도선로인접지역
UIC999,철도선로인접지역기타
UIE000,항만미분류
UIE100,항만구역
UIE200,연안항
UIE300,무역항
UIE400,지방항만
UIE500,임항구역
UIE510,임항지역
UIE600,항만배후단지
UIE999,항만기타
UIF000,신항만미분류
UIF100,신항만건설예정지역
UIF999,신항만기타
UIG000,공항구역미분류
UIG100,공항구역
UIG200,공항개발예정지역
UIG300,공항소음피해지역
UIG310,제1종구역
UIG320,제2종구역
UIG330,제3종구역
UIG400,공항소음피해예상지역
UIG410,가지구
UIG420,나지구
UIG430,다지구
UIG500,항공표면
UIG510,진입표면구역
UIG520,수평표면구역
UIG530,원추표면구역
UIG540,전이표면구역
UIG550,착륙복행표면구역
UIG560,내부전이표면구역
UIG570,내부진입표면구역
UIG600,장애물제한표면구역
UIG999,공항구역기타
UIH000,수도권신공항건설예정지역미분류
UIH100,수도권신공항건설예정지역
UIH999,수도권신공항건설예정지역기타
UII000,도시교통정비지역미분류
UII100,도시교통정비지역
UII999,도시교통정비지역기타
UIJ000,주차장미분류
UIJ100,노상주차장
UIJ200,노외주차장
UIJ300,부설주차장
UIJ400,주차환경개선지구
UIJ500,노외주차장설치제한지역
UIJ999,주차장기타
UIK000,철도안전용도지역미분류
UIK100,철도보호지구
UIK999,철도안전용도지역기타
UIL000,마리나항만구역미분류
UIL100,미리나항만구역
UIL999,미리나항만구역기타
UIM000,복합환승센터미분류
UIM100,복합환승센터
UIM200,국가기간복합환승센터
UIM300,광역복합환승센터
UIM500,일반복합환승센터
UIM999,복합환승센터기타
UIN000,소음대책지역미분류
UIN100,제1종 구역
UIN200,제2종 구역
UIN300,제3종 구역
UIN999,소음대책지역기타
UIZ000,교통기타용도지역지구미분류
UIZ100,교통기타용도지역지구용도지역지구
UIZ999,교통기타용도지역지구기타
UJA000,댐건설예정지역미분류
UJA100,댐건설예정지역
UJA999,댐건설예정지역기타
UJB000,하천미분류
UJB100,하천구역
UJB200,하천예정지
UJB300,연안구역
UJB400,홍수관리구역
UJB999,하천기타
UJC000,소하천미분류
UJC100,소하천구역
UJC200,소하천예정지
UJC999,소하천기타
UJD000,온천지구미분류
UJD100,온천지구
UJD200,온천공보호구역
UJD300,온천원보호지구
UJD999,온천지구기타
UJE000,지하수보전구역미분류
UJE100,지하수보전구역
UJE999,지하수보전구역기타
UJF000,공유수면미분류
UJF100,공유수면
UJF200,공유수면매립지
UJF999,공유수면기타
UJG000,친수구역미분류
UJG100,친수구역
UJG999,친수구역기타
UJZ000,수자원기타용도지역지구미분류
UJZ100,수자원기타용도지역지구용도지역지구
UJZ999,수자원기타용도지역지구기타
UKA000,전파방해방지구역미분류
UKA100,전파방해방지구역
UKA999,전파방해방지구역기타
UKB000,무선방위측정장치보호구역미분류
UKB100,무선방위측정장치보호구역
UKB999,무선방위측정장비보호구역기타
UKZ000,정통기타용도지역지구미분류
UKZ100,정통기타용도지역지구용도지역지구
UKZ999,정통기타용도지역지구기타
ULA000,원자력제한구역미분류
ULA100,제한구역
ULA200,방사선관리구역
ULA300,보전구역
ULA999,원자력제한구역기타
ULB000,전원개발미분류
ULB100,전원개발사업구역
ULB110,발전소(전원개발사업구역)
ULB120,변전소(전원개발사업구역)
ULB200,전원개발사업예정구역
ULB999,전원개발기타
ULC000,집단에너지공급대상지역미분류
ULC100,집단에너지공급대상지역
ULC999,집단에너지공급대상지역기타
ULD000,광구미분류
ULD100,광구
ULD999,광구기타
ULE000,탄좌미분류
ULE100,탄좌
ULE200,탄좌설정대상광구
ULE999,탄좌기타
ULF000,해저광물개발구역미분류
ULF100,해저광물개발구역
ULF999,해저광물개발구역기타
ULZ000,에너지기타용도지역지구미분류
ULZ100,에너지기타용도지역지구용도지역지구
ULZ999,에너지기타용도지역지구기타
UM1000,공장설립제한지역미분류
UM1100,공장설립제한지역
UM1999,공장설립제한지역기타
UM2000,공장설립승인지역미분류
UM2100,공장설립승인지역
UM2999,공장설립승인지역기타
UMA000,공원구역미분류
UMA100,국립공원
UMA200,도립공원
UMA300,군립공원
UMA400,공원보호구역
UMA999,공원구역기타
UMB000,자연공원용도지구미분류
UMB100,공원자연보존지구
UMB200,공원자연환경지구
UMB310,공원자연마을지구
UMB320,공원밀집마을지구
UMB400,공원집단시설지구
UMB500,공원문화유산지구
UMB999,자연공원용도지구기타
UMC000,자연환경용도지역미분류
UMC100,생태계보전지역
UMC110,시도생태계보전지역
UMC120,임시생태계보전지역
UMC200,완충지역
UMC300,자연유보지역
UMC400,자연휴식지
UMC500,생태·경관보전지역
UMC510,생태·경관핵심보전구역
UMC520,생태·경관완충보전구역
UMC530,생태·경관전이보전지역
UMC600,시·도 생태·경관보전지역
UMC999,자연환경용도지역기타
UMD000,자연환경용도구역미분류
UMD400,자연생태계특별보호구역
UMD500,해양생태계특별보호구역
UMD999,자연환경용도구역기타
UME000,대기환경규제지역미분류
UME100,대기환경규제지역
UME200,측정망설치구역
UME300,총량규제지역
UME999,대기환경규제지역기타
UMF000,토양보전대책지역미분류
UMF100,토양보전대책지역
UMF999,토양보전대책지역기타
UMG000,폐기물처리시설설치지역미분류
UMG100,폐기물처리시설설치지역
UMG200,폐기물처리시설입지
UMG999,폐기물처리시설설치지역기타
UMH000,소음진동규제지역미분류
UMH100,건설소음진동규제지역
UMH200,교통소음진동규제지역
UMH300,생활소음진동규제지역
UMH400,측정망설치구역
UMH999,소음진동규제지역기타
UMI000,상수원보호구역미분류
UMI100,상수원보호구역
UMI999,상수원보호기타
UMJ000,환경정비구역미분류
UMJ100,환경정비구역
UMJ999,환경정비구역기타
UMK000,(한강)수계수변구역미분류
UMK100,(한강)수변구역
UMK200,(한강)상수원보호구역
UMK300,(한강)오염행위 제한지역
UMK400,(한강)건축 등 허가제한지역
UMK500,(한강)폐수배출시설 설치제한지역
UMK600,(한강)폐기물매립시설 설치제한지역
UMK999,(한강)수계수변구역기타
UML000,하수용도구역미분류
UML100,배수구역
UML200,하수처리구역
UML999,하수용도구역기타
UMM000,수질보전특별대책지역미분류
UMM100,특별대책지역
UMM200,수질보전특별대책지역
UMM999,수질보전특별대책지역기타
UMN000,공공수역미분류
UMN100,공공수역
UMN200,배출시설설치제한지역
UMN300,측정망설치구역
UMN400,총량규제지역
UMN500,수계영향권별환경관리지역
UMN600,호수수질보전구역
UMN700,낚시금지제한구역
UMN999,공공수역기타
UMO000,해양환경해역미분류
UMO100,특별관리해역
UMO200,환경보전해역
UMO999,해양환경해역기타
UMP000,재활용단지미분류
UMP100,재활용단지
UMP999,재활용단지기타
UMQ000,습지보호지역미분류
UMQ100,습지보호지역
UMQ200,습지주변관리지역
UMQ300,습지개선지역
UMQ999,습지보호지역기타
UMR000,특정도서미분류
UMR100,특정도서
UMR200,시·도특정도서
UMR999,특정도서기타
UMS000,야생동·식물보호구역미분류
UMS100,야생동·식물특별보호구역
UMS210,시·도야생동·식물보호구역
UMS220,야생동·식물보호구역
UMS999,야생동·식물보호구역기타
UMT000,골재채취용도지역미분류
UMT100,골재채취단지
UMT200,골재채취금지구역
UMT999,골재채취용도지역기타
UMU000,(금강)수계수변구역미분류
UMU100,(금강)수변구역
UMU200,(금강)상수원보호구역
UMU300,(금강)오염행위 제한지역
UMU400,(금강)건축 등 허가제한지역
UMU500,(금강)폐수배출시설 설치제한지역
UMU600,(금강)폐기물매립시설 설치제한지역
UMU999,(금강)수계수변구역기타
UMV000,(낙동강)수계수변구역미분류
UMV100,(낙동강)수변구역
UMV200,(낙동강)상수원보호구역
UMV300,(낙동강)오염행위 제한지역
UMV400,(낙동강)건축 등 허가제한지역
UMV500,(낙동강)폐수배출시설 설치제한지역
UMV600,(낙동강)폐기물매립시설 설치제한지역
UMV999,(낙동강)수계수변구역기타
UMW000,(영산강·섬진강)수계수변구역미분류
UMW100,(영산강·섬진강)수변구역
UMW200,(영산강·섬진강)상수원보호구역
UMW300,(영산강·섬진강)오염행위 제한지역
UMW400,(영산강·섬진강)건축 등 허가제한지역
UMW500,(영산강·섬진강)폐수배출시설 설치제한지역
UMW600,(영산강·섬진강)폐기물매립시설 설치제한지역
UMW999,(영산강·섬진강)수계수변구역기타
UMX000,수도권대기환경개선대기관리권역미분류
UMX100,대기관리권역
UMX999,수도권대기환경개선대기관리권역기타
UMY000,미분류
UMY100,해양보호구역
UMY110,해양생물보호구역
UMY120,해양생태계보호구역
UMY130,해양경관보호구역
UMY200,긴급해양보호구역
UMY300,시·도해양보호구역
UMY310,시·도해양생물보호구역
UMY320,시·도해양생태계보호구역
UMY330,시·도해양경관보호구역
UMY999,기타
UMZ000,가축사육제한구역미분류
UMZ100,가축사육제한구역
UMZ999,가축사육제한구역기타
UND000,군용전기통신미분류
UND200,수저통신선로보호구역
UND999,군용전기통신기타
UNE000,군사기지 및 군사시설미분류
UNE100,군사기지 및 군사시설 보호구역
UNE110,통제보호구역
UNE111,통제보호구역(민통선이북 : 10km)
UNE112,통제보호구역(민통선이남 : 300m)
UNE113,통제보호구역(방공기지 : 500m)
UNE114,통제보호구역(해군기지)
UNE120,제한보호구역
UNE121,제한보호구역(전방지역 : 25km)
UNE122,제한보호구역(후방지역 : 500m)
UNE123,제한보호구역(폭발물관련 : 1km)
UNE124,제한보호구역(전술항공 : 5km)
UNE125,제한보호구역(지원/헬기 : 2km)
UNE126,제한보호구역(전기통신 : 2km)
UNE127,제한보호구역(해군기지)
UNE128,제한보호구역(수역)
UNE129,제한보호구역(방공기지 : 1km)
UNE200,대공방어협조구역
UNE201,대공방어협조구역(위탁고도 : 54-236m)
UNE300,민간인통제선
UNE400,비행안전구역
UNE410,전술항공작전기지
UNE411,비행안전제1구역(전술)
UNE412,비행안전제2구역(전술)
UNE413,비행안전제3구역(전술)
UNE414,비행안전제4구역(전술)
UNE415,비행안전제5구역(전술)
UNE416,비행안전제6구역(전술)
UNE420,지원항공작전기지
UNE421,비행안전제1구역(지원)
UNE422,비행안전제2구역(지원)
UNE423,비행안전제3구역(지원)
UNE424,비행안전제4구역(지원)
UNE425,비행안전제5구역(지원)
UNE430,헬기전용작전기지
UNE431,비행안전제1구역(헬기)
UNE432,비행안전제2구역(헬기)
UNE433,비행안전제3구역(헬기)
UNE440,비상활주로
UNE441,비행안전제1구역(비상)
UNE442,비행안전제2구역(비상)
UNE443,비행안전제3구역(비상)
UNE999,군사기지 및 군사시설기타
UNZ000,군사기타용도지역지구미분류
UNZ100,군사기타용도지역지구용도지역지구
UNZ999,군사기타용도지역지구기타
UOA000,교육환경보호구역미분류
UOA100,교육환경보호구역
UOA110,절대보호구역
UOA120,상대보호구역
UOA999,교육환경보호구역기타
UOB000,청소년수련지구미분류
UOB100,청소년수련지구
UOB999,청소년수련지구기타
UOC000,보호구역미분류
UOC100,문화재보호구역
UOC200,문화재
UOC300,현상변경허가 대상구역
UOC400,등록문화재구역
UOC500,지정문화재구역
UOC510,국가지정문화재구역
UOC520,시도지정문화재구역
UOC530,문화재자료구역
UOC600,가지정문화재구역
UOC700,조례로정한지역
UOC800,역사문화환경보존지역
UOC999,보호구역기타
UOD000,전통건조물보존미분류
UOD100,전통건조물보존지구
UOD200,보존대상전통건조물보호구역
UOD999,전통건조물보존기타
UOE000,전통사찰보존미분류
UOE100,경내지
UOE200,전통사찰보존구역
UOE300,전통사찰역사문화보존구역
UOE999,전통사찰보존기타
UOF000,관광지미분류
UOF100,관광지
UOF200,관광단지
UOF300,관광특구
UOF999,관광지기타
UOG000,고도보존용도지구미분류
UOG100,특별보존지구
UOG200,역사문화환경지구
UOG999,고도보존용도지구기타
UOH000,문화예술진흥용도지구미분류
UOH100,문화지구
UOH999,문화예술진흥용도지구기타
UOI000,청소년활동진흥용도지구미분류
UOI100,청소년수련지구
UOI999,청소년활동진흥용도지구기타
UOJ000,묘지등설치제한지역미분류
UOJ100,묘지등설치제한지역
UOJ999,묘지등설치제한지역기타
UOK000,문화산업단지미분류
UOK100,문화산업단지
UOK999,문화산업단지기타
UOZ000,교육문화기타용도지역지구미분류
UOZ100,교육문화기타용도지역지구용도지역지구
UOZ999,교육문화기타용도지역지구기타
UPA000,화재경계지구미분류
UPA100,화재경계지구
UPA999,화재경계지구기타
UPB000,재해위험지구미분류
UPB100,재해위험지구
UPB200,자연재해위험지구
UPB210,침수위험지구
UPB220,유실위험지구
UPB230,고립위험지구
UPB250,해일위험지구
UPB260,취약방재시설지구
UPB999,재해위험지구기타
UPD000,재난안전관리위험지역미분류
UPD100,위험지역
UPD999,재난안전관리위험지역기타
UPE000,붕괴위험지역미분류
UPE100,붕괴위험지역
UPE999,붕괴위험지역기타
UPF000,재해위험 개선사업지구미분류
UPF100,재해위험 개선사업지구
UPF999,재해위험 개선사업지구기타
UPG000,위험저수지·댐 정비지구미분류
UPG100,위험저수지·댐 정비지구
UPG999,위험저수지·댐 정비지구기타
UPZ000,재해재난기타용도지역지구미분류
UPZ100,재해재난기타용도지역지구용도지역지구
UPZ999,재해재난기타용도지역지구기타
UQA000,도시지역미분류
UQA001,도시지역
UQA002,도시관리계획 입안중
UQA01X,도시지역
UQA100,주거지역
UQA110,전용주거지역
UQA111,제1종전용주거지역
UQA112,제2종전용주거지역
UQA120,일반주거지역
UQA121,제1종일반주거지역
UQA122,제2종일반주거지역
UQA123,제3종일반주거지역
UQA130,준주거지역
UQA200,상업지역
UQA210,중심상업지역
UQA220,일반상업지역
UQA230,근린상업지역
UQA240,유통상업지역
UQA300,공업지역
UQA310,전용공업지역
UQA320,일반공업지역
UQA330,준공업지역
UQA400,녹지지역
UQA410,보전녹지지역
UQA420,생산녹지지역
UQA430,자연녹지지역
UQA500,도시지역미지정
UQA999,도시지역기타
UQB000,관리지역미분류
UQB001,관리지역
UQB100,계획관리지역
UQB200,생산관리지역
UQB300,보전관리지역
UQB999,관리지역기타
UQC000,농림지역미분류
UQC001,농림지역
UQC999,농림지역기타
UQD000,자연환경보전지역미분류
UQD001,자연환경보전지역
UQD999,자연환경보전지역기타
UQE000,국토이용용도지역미분류
UQE999,국토이용용도지역기타
UQF000,경관지구미분류
UQF100,경관지구
UQF110,자연경관지구
UQF120,특화경관지구
UQF130,시가지경관지구
UQF131,시가지경관지구(중심)
UQF132,시가지경관지구(일반)
UQF999,경관지구기타
UQG000,미관지구미분류
UQG100,미관지구
UQG110,중심지미관지구
UQG120,역사문화미관지구
UQG130,일반미관지구
UQG999,미관지구기타
UQH000,고도지구미분류
UQH100,고도지구
UQH110,최고고도지구
UQH120,최저고도지구
UQH999,고도지구기타
UQI000,방화지구미분류
UQI100,방화지구
UQI999,방화지구기타
UQJ000,방재지구미분류
UQJ100,방재지구
UQJ200,시가지방재지구
UQJ300,자연방재지구
UQJ999,방재지구기타
UQK000,보존지구미분류
UQK100,보존지구
UQK110,역사문화환경보호지구
UQK120,중요시설물보존지구
UQK121,중요시설물보호지구(공항)
UQK122,중요시설물보호지구(항만)
UQK123,중요시설물보호지구(공용)
UQK130,생태계보호지구
UQK999,보존지구기타
UQL000,시설보호지구미분류
UQL100,시설보호지구
UQL110,공항시설보호지구
UQL120,학교시설보호지구
UQL130,공용시설보호지구
UQL140,항만시설보호지구
UQL999,시설보호지구기타
UQM000,용도지구취락미분류
UQM100,용도지구취락지구
UQM110,자연취락지구
UQM120,집단취락지구
UQM999,용도지구취락기타
UQN000,개발진흥미분류
UQN100,개발진흥지구
UQN110,주거개발진흥지구
UQN120,산업개발진흥지구
UQN130,유통개발진흥지구
UQN140,관광ㆍ휴양개발진흥지구
UQN150,복합개발진흥지구
UQN160,특정개발진흥지구
UQN170,산업ㆍ유통개발진흥지구
UQN999,개발진흥기타
UQO000,특정용도미분류
UQO100,특정용도제한지구
UQO999,특정용도기타
UQP000,국토이용용도지구미분류
UQP100,국토이용기타용도지구
UQP120,위락지구
UQP130,리모델링지구
UQP500,복합용도지구미분류
UQP501,복합용도지구
UQP599,복합용도지구기타
UQP999,국토이용용도지구기타
UQQ000,용도구역미분류
UQQ100,도시계획구역
UQQ200,시가화조정구역
UQQ300,지구단위계획구역
UQQ310,제1종지구단위계획구역
UQQ320,제2종지구단위계획구역
UQQ321,주거용지
UQQ322,상업용지
UQQ323,공업용지
UQQ324,녹지용지
UQQ325,공공시설용지
UQQ329,기타용지
UQQ400,광역계획구역
UQQ500,수산자원보호구역
UQQ600,토지거래계약에관한허가구역
UQQ700,개발밀도관리구역
UQQ800,기반시설부담구역
UQQ810,도시자연공원구역
UQQ900,개발행위허가제한지역
UQQ901,입지규제최소구역
UQQ902,성장관리방안 수립지역
UQQ999,용도구역기타
UQR000,사업지역미분류
UQR100,일단의주택단지조성사업지역
UQR200,시가지조성사업지역
UQR300,일단의공업용지조성사업지역
UQR400,도시계획시설의 부지
UQR999,사업지역기타
UQS000,교통운수시설미분류
UQS100,도로
UQS101,일반도로
UQS102,자동차전용도로
UQS103,보행자전용도로
UQS104,자전거전용도로
UQS105,고가도로
UQS106,지하도로
UQS111,광로1류
UQS112,광로2류
UQS113,광로3류
UQS114,대로1류
UQS115,대로2류
UQS116,대로3류
UQS117,중로1류
UQS118,중로2류
UQS119,중로3류
UQS120,소로1류
UQS121,소로2류
UQS122,소로3류
UQS131,주간선도로
UQS132,보조간선도로
UQS133,집산도로
UQS134,국지도로
UQS141,도시고속도로
UQS142,특수도로(보행자전용도로)
UQS143,특수도로(자전거전용도로)
UQS190,기타도로시설
UQS200,주차장
UQS210,노외주차장
UQS290,기타주차장시설
UQS300,자동차정류장
UQS310,여객자동차터미널
UQS320,화물터미널
UQS330,공영차고지
UQS390,기타자동차정류장
UQS400,자동차및건설기계검사시설
UQS410,자동차검사시설
UQS420,건설기계검사소
UQS490,기타자동차및건설기계검사소
UQS500,철도
UQS510,일반철도
UQS520,도시철도
UQS530,고속철도
UQS540,국유철도사업시설
UQS549,기타철도시설
UQS550,궤도
UQS559,기타궤도시설
UQS560,삭도
UQS569,기타삭도시설
UQS600,운하
UQS610,기타운하시설
UQS700,항만
UQS710,항만시설
UQS720,어항시설
UQS790,기타항만시설
UQS800,공항
UQS810,공항시설
UQS890,기타공항시설
UQS900,자동차및건설기계운전학원
UQS910,자동차운전학원
UQS920,건설기계운전학원
UQS990,기타자동차및건설기계운전학원
UQS999,기타교통시설
UQT000,공간시설미분류
UQT100,광장
UQT110,교통광장
UQT111,교차점광장
UQT112,역전광장
UQT113,주요시설광장
UQT120,일반광장
UQT121,중심대광장
UQT122,근린광장
UQT130,경관광장
UQT140,지하광장
UQT150,건축물부설광장
UQT190,기타광장시설
UQT200,공원
UQT210,어린이공원
UQT220,근린공원
UQT221,문화공원
UQT230,도시자연공원
UQT240,묘지공원
UQT250,체육공원
UQT260,소공원
UQT290,기타공원시설
UQT300,녹지
UQT310,완충녹지
UQT320,경관녹지
UQT330,연결녹지
UQT390,기타녹지시설
UQT400,유원지
UQT490,기타유원지시설
UQT500,공공공지
UQT590,기타공공공지시설
UQT600,도시자연공원구역
UQT999,기타도시공간시설
UQU000,유통및공급시설미분류
UQU100,시장
UQU110,대규모점포및정기시장
UQU120,농수산물도매시장
UQU130,농수산물공판장및농수산물종합유통센터
UQU140,가축시장
UQU199,기타시장시설
UQU200,유통업무설비
UQU210,유통단지
UQU290,기타유통업무설비
UQU300,수도공급시설
UQU310,취수시설
UQU320,저수시설
UQU330,정수시설
UQU340,배수시설
UQU350,전용관로상의도수시설및송수시설
UQU390,기타수도시설
UQU400,공동구
UQU490,기타공동구시설
UQU500,전기공급설비
UQU510,발전시설
UQU520,변전시설
UQU530,고압선
UQU540,배전사업소
UQU590,기타전기공급설비
UQU600,가스공급설비
UQU610,고압가스저장소
UQU620,액화석유가스충전시설
UQU630,가스공급시설
UQU690,기타가스공급설비
UQU700,열공급설비
UQU710,열원시설
UQU720,열수송시설
UQU790,기타열공급설비
UQU800,유류저장및송유설비
UQU810,석유비축저장시설
UQU820,송유관
UQU830,유류저장시설
UQU840,송유시설
UQU890,기타유류저장및송유설비
UQU900,방송통신시설
UQU910,무선설비
UQU920,사업용전기통신설비
UQU930,유선방송국설비
UQU990,기타방송통신시설
UQU999,기타유통및공급시설
UQV000,공공문화체육시설미분류
UQV100,운동장
UQV110,종합운동장
UQV190,기타운동장시설
UQV200,공공청사
UQV210,청사
UQV220,공관
UQV230,교정시설
UQV231,교도소
UQV232,구치소
UQV233,소년원
UQV234,소년분류심사원
UQV290,기타공공청사시설
UQV300,학교
UQV310,유치원
UQV320,초등학교
UQV330,중학교
UQV340,고등학교
UQV350,대학
UQV390,기타학교시설
UQV400,도서관
UQV410,공공도서관
UQV420,전문도서관
UQV430,특수도서관
UQV490,기타도서관시설
UQV500,연구시설
UQV590,기타연구시설
UQV600,문화시설
UQV610,공연장
UQV620,박물관
UQV630,미술관
UQV640,문화산업진흥시설
UQV650,문화산업단지
UQV660,과학관
UQV690,기타문화시설
UQV700,사회복지시설
UQV709,기타사회복지시설
UQV750,공공직업훈련시설
UQV759,기타공공직업훈련시설
UQV800,체육시설
UQV810,공공체육시설
UQV820,골프장
UQV830,스키장
UQV890,기타체육시설
UQV910,청소년수련시설
UQV990,기타청소년수련시설
UQV999,기타공공문화복지시설
UQW000,방재시설미분류
UQW100,하천
UQW110,국가하천
UQW120,지방1급하천
UQW130,지방2급하천
UQW140,소하천
UQW190,기타하천시설
UQW200,저수지
UQW210,댐
UQW220,제방
UQW290,기타저수지시설
UQW300,방풍설비
UQW310,방풍림시설
UQW320,방풍담장시설
UQW330,방풍망시설
UQW390,기타방풍설비
UQW400,방수설비
UQW410,배수시설
UQW420,방수시설
UQW490,기타방수설비
UQW500,방화설비
UQW510,소방용수시설
UQW590,기타방화설비
UQW600,사방설비
UQW610,사방시설
UQW690,기타사방설비
UQW700,방조설비
UQW710,방조제
UQW790,기타방조설비
UQW800,유수지
UQW810,유수시설
UQW820,저류시설
UQW890,기타유수지시설
UQW999,기타도시방재시설
UQX000,보건위생시설미분류
UQX100,도축장
UQX190,기타도축장시설
UQX200,공동묘지
UQX210,공설묘지
UQX220,사설묘지
UQX290,기타공동묘지시설
UQX300,화장장
UQX310,공설화장장
UQX320,사설화장장
UQX390,기타화장장시설
UQX400,장례식장
UQX490,기타장례식장시설
UQX500,종합의료시설
UQX510,종합병원
UQX590,기타종합의료시설
UQX600,납골시설
UQX610,공공납골시설
UQX620,사설납골시설
UQX690,기타납골시설
UQX700,자연장지
UQX999,기타보건위생시설
UQY000,국토계획환경기초시설미분류
UQY100,하수도
UQY110,공공하수도중간선하수관
UQY120,하수종말처리시설
UQY190,기타하수도시설
UQY200,폐기물처리시설
UQY210,광역폐기물처리시설
UQY220,재활용시설
UQY290,기타폐기물처리시설
UQY300,수질오염방지시설
UQY310,폐수종말처리시설
UQY320,폐수수탁처리업시설
UQY330,분뇨처리시설
UQY340,축산폐수공공처리시설
UQY350,폐광폐수처리시설
UQY390,기타수질오염방지시설
UQY400,폐차장
UQY490,기타폐차장시설
UQY999,기타환경기초시설
UQZ000,기타용도지역지구미분류
UQZ999,기타용도지역지구기타
ZA0001,시계(市界)경관지구
ZA0002,문화재주변경관지구
ZA0003,조망경관지구
ZA0004,보행우선지구
ZA0005,사적건축물보전지구
ZA0006,문화재보존영향 검토대상지역
ZA0008,조망가로미관지구
ZA0009,학교이적지
ZA0010,4대문안
ZA0011,비오톱1등급
ZA0012,사고지
ZA1101,원형보존지
ZB0001,숙박시설제한지구
ZB0002,위락시설제한지구
ZB0003,위험물저장및처리시설제한지구
ZB0004,문화재보존영향 검토대상지역
ZB0005,도시계획시설이적지
ZB0006,지적재조사업지구
ZB0007,등록사항정정대상토지
ZB3501,해운대구컨벤션영상해양레저특구
ZC0001,제1종자연경관지구
ZC0002,제2종자연경관지구
ZC0003,제1종수변경관지구
ZC0004,제2종수변경관지구
ZC0005,전통경관지구
ZC0006,숙박시설제한지구
ZC0007,위락시설제한지구
ZC0008,위험물저장및처리시설제한지구
ZC0009,문화재보존영향 검토대상지역
ZC0011,팔공산자연공원집단시설지구
ZD0001,숙박시설제한지구
ZD0002,위락시설제한지구
ZD0003,위험물저장및처리시설제한지구
ZD0004,문화재보존영향 검토대상지역
ZD0006,시지정문화재천연보호구역
ZD0007,사고지
ZD0008,지적재조사사업지구
ZD0009,역사문화환경 보전지역
ZE0001,제1종자연경관지구
ZE0002,제2종자연경관지구
ZE0003,제1종수변(水邊)경관지구
ZE0004,제2종수변경관지구
ZE0005,전통경관지구
ZE0006,조망권경관지구
ZE0007,숙박시설제한지구
ZE0008,위락시설제한지구
ZE0009,위험물저장및처리시설제한지구
ZE0010,보행자우선지구
ZE0011,주거환경보호지구
ZE0012,농수산업지구
ZE0013,시계관리지구
ZE0014,문화재보존영향 검토대상지역
ZF0001,호국경관지구
ZF0002,문화재보존영향 검토대상지역
ZF0003,숙박시설제한지구
ZF0004,위락시설제한지구
ZF0005,일반경관지구
ZF0006,위험물저장및처리시설제한지구
ZF0007,원도심권역
ZG0001,숙박시설제한지구
ZG0002,위락시설제한지구
ZG0003,위험물저장및처리시설제한지구
ZG0004,문화재보존영향 검토대상지역
ZH0001,전통경관지구
ZH0002,조망권경관지구
ZH0003,상업개발촉진지구
ZH0004,공업개발촉진지구
ZH0005,첨단산업개발촉진지구
ZH0006,외국인투자개발촉진지구
ZH0007,레포츠개발촉진지구
ZH0008,숙박시설제한지구
ZH0009,위험물저장및처리시설제한지구
ZH0010,보행자우선지구
ZH0011,주거환경보호지구
ZH0012,농수산업지구
ZH0013,시계관리지구
ZH0014,제1종자연경관지구
ZH0015,제2종자연경관지구
ZH0016,제1종수변경관지구
ZH0017,제2종수변경관지구
ZH0018,위락시설제한지구
ZH0020,자연환경보전보호구역
ZH0021,문화재보존영향 검토대상지역
ZH0035,숙박·위락시설제한지구
ZH1101,수원시향토유적보호구역
ZH1301,성남시향토유적보호구역
ZH1501,의정부시향토유적보호구역
ZH1701,안양시향토유적보호구역
ZH1901,부천시향토유적보호구역
ZH2501,동두천시향토유적보호구역
ZH2701,안산시향토유적보호구역
ZH2901,과천시향토유적보호구역
ZH3101,구리시향토유적보호구역
ZH3601,남양주시향토유적보호구역
ZH3901,시흥시향토문화유산보호구역
ZH4101,군포시향토유적보호구역
ZH4301,의왕시향토유적보호구역
ZH4501,하남시향토유적보호구역
ZH4601,용인시향토유적보호구역
ZH5701,김포시향토유적보호구역
ZH5702,김포시자연경관보전지역
ZH6101,광주시향토유적보호구역
ZH6301,양주시향토유적보호구역
ZH6501,포천시향토유적보호구역
ZH7301,여주군향토유적보호구역
ZH8201,가평군향토유적보호구역
ZH8301,양평군향토유적보호구역
ZI0001,조망권경관지구
ZI0002,문화재보존영양 검토대상지역
ZI0004,주거환경보호지구
ZI0005,위락시설제한지구
ZI0006,숙박시설제한지구
ZI0007,위험물저장및처리시설제한지구
ZI0009,동강유역자연휴식지역
ZI0010,자연환경연구공원
ZI2101,농수산업지구
ZI7801,농업지구
ZI8001,제2종자연경관지구
ZJ0001,숙박시설제한지구
ZJ0002,위락시설제한지구
ZJ0003,위험물저장및처리시설제한지구
ZJ0004,보행자우선지구
ZJ0005,주거환경보호지구
ZJ0006,농수산업지구
ZJ0007,시계관리지구
ZJ0008,문화재보존영향 검토대상지역
ZJ0009,제1종자연경관지구
ZJ0010,제2종자연경관지구
ZJ0011,제1종수변경관지구
ZJ0012,제2종수변경관지구
ZJ0013,전통경관지구
ZJ0016,조망권경관지구
ZJ1001,등록사항정정대상토지
ZJ1002,지적재조사사업지구
ZJ7101,청원군향토유적보호구역
ZJ7201,보은군전통사찰보존구역주변지역
ZJ7202,보은군자연경관보전지역
ZJ7401,영동군향토유적보호구역
ZJ7402,증평군향토유적보호구역
ZJ8001,단양군향토유적보호구역
ZJ8002,단양군전통사찰보존구역주변지역
ZK0001,제1종자연경관지구
ZK0002,제2종자연경관지구
ZK0003,제1종수변경관지구
ZK0004,제2종수변경관지구
ZK0005,전통경관지구
ZK0006,조망권경관지구
ZK0007,숙박시설제한지구
ZK0008,위락시설제한지구
ZK0009,위험물저장및처리시설제한지구
ZK0010,보행자우선지구
ZK0011,주거환경보호지구
ZK0012,농수산업지구
ZK0013,시계관리지구
ZK0014,문화재보존영향 검토대상지역
ZL0001,제1종자연경관지구
ZL0002,제2종자연경관지구
ZL0003,제1종수변경관지구
ZL0004,제2종수변경관지구
ZL0005,전통경관지구
ZL0006,조망권경관지구
ZL0007,숙박시설제한지구
ZL0008,위락시설제한지구
ZL0009,위험물저장및처리시설제한지구
ZL0010,문화재보존영향 검토대상지역
ZL0011,농수산업지구
ZL0012,주거환경보호지구
ZL1401,자연경관보전지역
ZL1901,자연경관보전지역
ZL7101,자연경관보전지역
ZL7201,자연경관보전지역
ZL7301,향토유적보호구역
ZL7401,자연경관보전지역
ZL7901,자연경관보전지역
ZL8001,자연경관보전지역
ZM0001,전통경관지구
ZM0002,조망권경관지구
ZM0003,숙박시설제한지구
ZM0004,위락시설제한지구
ZM0005,위험물저장및처리시설제한지구
ZM0006,문화재보존영향 검토대상지역
ZM0007,농수산업지구
ZM0008,주거환경보호지구
ZM0009,제1종자연경관지구
ZM0010,제2종자연경관지구
ZM0011,제1종수변경관지구
ZM0012,제2종수변경관지구
ZM1301,여수시향토유적보호구역
ZM7101,담양군향토유적보호구역
ZM7701,고흥군자연경관보전지역
ZM8101,강진군자연경관보전지역
ZM8401,무안군향토유적보호구역
ZM9001,진도군향토유적보호구역
ZM9101,신안군향토유적보호구역
ZN0001,제1종자연경관지구
ZN0002,제2종자연경관지구
ZN0003,제1종수변경관지구
ZN0004,제2종수변경관지구
ZN0005,전통경관지구
ZN0006,조망권경관지구
ZN0007,숙박시설제한지구
ZN0008,위락시설제한지구
ZN0009,위험물저장및처리시설제한지구
ZN0010,보행자우선지구
ZN0011,주거환경보호지구
ZN0012,농수산업지구
ZN0013,도계관리지구
ZN0014,문화재보존영향 검토대상지역
ZN1101,수변및기타경관지구
ZN1901,구미시전통사찰보존구역주변지역
ZN2101,영주시전통사찰보존구역주변지역
ZN2501,상주시자연경관보전지역
ZN7701,영덕군자연경관보전지역
ZO0001,제1종자연경관지구
ZO0002,제2종자연경관지구
ZO0003,제1종수변경관지구
ZO0004,제2종수변(水邊)경관지구
ZO0005,전통경관지구
ZO0006,조망권경관지구
ZO0007,숙박시설제한지구
ZO0008,위락시설제한지구
ZO0009,위험물저장및처리시설제한지구
ZO0010,문화재보존영향 검토대상지역
ZO0011,농수산업지구
ZO0012,주거환경보호지구
ZO8901,자연경관보전지역
ZP0001,전통경관지구
ZP0002,조망권경관지구
ZP0003,숙박시설제한지구
ZP0004,위락시설제한지구
ZP0005,위험물저장및처리시설제한지구
ZP0006,보행자우선지구
ZP0007,주거환경보호지구
ZP0008,농수산업지구
ZP0009,시계관리지구
ZP0010,문화재보존영향 검토대상지역
ZP0012,정주환경지원지구
ZQ0001,중점경관관리구역
